{"cameraMode":{"drawMode":0,"name":"Shaded","section":"Shading Mode"},"sceneLighting":false,"audioPlay":false,"sceneViewState":{"showFog":true,"showMaterialUpdate":false,"showSkybox":true,"showFlares":true,"showImageEffects":true,"showParticleSystems":true},"in2DMode":false,"pivot":{"x":16.853527069091798,"y":2.006126642227173,"z":39.16910171508789},"rotation":{"x":0.27510324120521548,"y":-0.22357971966266633,"z":0.0659518614411354,"w":0.9327423572540283},"size":9.195134162902832,"orthographic":false}