{"cameraMode":{"drawMode":0,"name":"Shaded","section":"Shading Mode"},"sceneLighting":false,"audioPlay":false,"sceneViewState":{"showFog":true,"showMaterialUpdate":false,"showSkybox":true,"showFlares":true,"showImageEffects":true,"showParticleSystems":true},"in2DMode":false,"pivot":{"x":16.827621459960939,"y":-4.146679878234863,"z":66.25926208496094},"rotation":{"x":0.09088852256536484,"y":-0.2784671187400818,"z":0.026481077075004579,"w":0.9557724595069885},"size":33.73280715942383,"orthographic":false}