{"cameraMode":{"drawMode":0,"name":"Shaded","section":"Shading Mode"},"sceneLighting":false,"audioPlay":false,"sceneViewState":{"showFog":true,"showMaterialUpdate":false,"showSkybox":true,"showFlares":true,"showImageEffects":true,"showParticleSystems":true},"in2DMode":false,"pivot":{"x":18.577272415161134,"y":-0.5646915435791016,"z":13.987204551696778},"rotation":{"x":0.2919689118862152,"y":0.28344768285751345,"z":-0.0910530760884285,"w":0.9089367389678955},"size":11.262577056884766,"orthographic":false}