{"cameraMode":{"drawMode":0,"name":"Shaded","section":"Shading Mode"},"sceneLighting":false,"audioPlay":false,"sceneViewState":{"showFog":true,"showMaterialUpdate":false,"showSkybox":true,"showFlares":true,"showImageEffects":true,"showParticleSystems":true},"in2DMode":false,"pivot":{"x":16.246068954467775,"y":1.8907140493392945,"z":9.725625991821289},"rotation":{"x":0.2771148383617401,"y":-0.38530460000038149,"z":0.1224910169839859,"w":0.8716585636138916},"size":2.932755470275879,"orthographic":false}