{"cameraMode":{"drawMode":0,"name":"Shaded","section":"Shading Mode"},"sceneLighting":false,"audioPlay":false,"sceneViewState":{"showFog":true,"showMaterialUpdate":false,"showSkybox":true,"showFlares":true,"showImageEffects":true,"showParticleSystems":true},"in2DMode":false,"pivot":{"x":6.929999828338623,"y":0.8049999475479126,"z":13.510000228881836},"rotation":{"x":-0.19830921292304994,"y":-0.20695705711841584,"z":0.042883556336164477,"w":-0.9570876359939575},"size":1.6271536350250245,"orthographic":false}