{"cameraMode":{"drawMode":0,"name":"Shaded","section":"Shading Mode"},"sceneLighting":false,"audioPlay":false,"sceneViewState":{"showFog":true,"showMaterialUpdate":false,"showSkybox":true,"showFlares":true,"showImageEffects":true,"showParticleSystems":true},"in2DMode":false,"pivot":{"x":6.932538986206055,"y":0.85999995470047,"z":9.919305801391602},"rotation":{"x":0.2648952007293701,"y":0.15679213404655457,"z":-0.043699998408555987,"w":0.9504427313804627},"size":3.8514323234558107,"orthographic":false}