{"cameraMode":{"drawMode":0,"name":"Shaded","section":"Shading Mode"},"sceneLighting":false,"audioPlay":false,"sceneViewState":{"showFog":true,"showMaterialUpdate":false,"showSkybox":true,"showFlares":true,"showImageEffects":true,"showParticleSystems":true},"in2DMode":false,"pivot":{"x":16.15509033203125,"y":-0.9659042358398438,"z":15.31130599975586},"rotation":{"x":0.2919689118862152,"y":0.28344768285751345,"z":-0.0910530760884285,"w":0.9089367389678955},"size":12.852471351623536,"orthographic":false}