{"cameraMode":{"drawMode":0,"name":"Shaded","section":"Shading Mode"},"sceneLighting":false,"audioPlay":false,"sceneViewState":{"showFog":true,"showMaterialUpdate":false,"showSkybox":true,"showFlares":true,"showImageEffects":true,"showParticleSystems":true},"in2DMode":false,"pivot":{"x":17.701841354370118,"y":-1.4373178482055665,"z":36.63665008544922},"rotation":{"x":0.3194394111633301,"y":-0.36600732803344729,"z":0.13540028035640717,"w":0.8635408282279968},"size":17.467599868774415,"orthographic":false}