{"cameraMode":{"drawMode":0,"name":"Shaded","section":"Shading Mode"},"sceneLighting":false,"audioPlay":false,"sceneViewState":{"showFog":true,"showMaterialUpdate":false,"showSkybox":true,"showFlares":true,"showImageEffects":true,"showParticleSystems":true},"in2DMode":false,"pivot":{"x":64.12167358398438,"y":-30.502750396728517,"z":107.01808166503906},"rotation":{"x":-0.19830921292304994,"y":-0.20695705711841584,"z":0.042883556336164477,"w":-0.9570876359939575},"size":120.38040161132813,"orthographic":false}