{"cameraMode":{"drawMode":0,"name":"Shaded","section":"Shading Mode"},"sceneLighting":false,"audioPlay":false,"sceneViewState":{"showFog":true,"showMaterialUpdate":false,"showSkybox":true,"showFlares":true,"showImageEffects":true,"showParticleSystems":true},"in2DMode":false,"pivot":{"x":13.894142150878907,"y":7.17193603515625,"z":1.2017412185668946},"rotation":{"x":0.41533488035202029,"y":-0.40934520959854128,"z":0.21718938648700715,"w":0.7827972173690796},"size":32.30980682373047,"orthographic":false}