{"cameraMode":{"drawMode":0,"name":"Shaded","section":"Shading Mode"},"sceneLighting":false,"audioPlay":false,"sceneViewState":{"showFog":true,"showMaterialUpdate":false,"showSkybox":true,"showFlares":true,"showImageEffects":true,"showParticleSystems":true},"in2DMode":false,"pivot":{"x":25.72260284423828,"y":-8.27517318725586,"z":18.17517852783203},"rotation":{"x":-0.22615841031074525,"y":-0.5124298334121704,"z":0.14198356866836549,"w":-0.8161687254905701},"size":28.610523223876954,"orthographic":false}