{"cameraMode":{"drawMode":0,"name":"Shaded","section":"Shading Mode"},"sceneLighting":false,"audioPlay":false,"sceneViewState":{"showFog":true,"showMaterialUpdate":false,"showSkybox":true,"showFlares":true,"showImageEffects":true,"showParticleSystems":true},"in2DMode":false,"pivot":{"x":72.34313201904297,"y":-19.04987335205078,"z":63.451271057128909},"rotation":{"x":0.19472357630729676,"y":0.4466657340526581,"z":-0.1002626046538353,"w":0.8674831986427307},"size":65.28250122070313,"orthographic":false}