{"cameraMode":{"drawMode":0,"name":"Shaded","section":"Shading Mode"},"sceneLighting":false,"audioPlay":false,"sceneViewState":{"showFog":true,"showMaterialUpdate":false,"showSkybox":true,"showFlares":true,"showImageEffects":true,"showParticleSystems":true},"in2DMode":false,"pivot":{"x":26.323850631713868,"y":-8.558870315551758,"z":16.53618621826172},"rotation":{"x":-0.22615841031074525,"y":-0.5124298334121704,"z":0.14198356866836549,"w":-0.8161687254905701},"size":29.837453842163087,"orthographic":false}