{"cameraMode":{"drawMode":0,"name":"Shaded","section":"Shading Mode"},"sceneLighting":false,"audioPlay":false,"sceneViewState":{"showFog":true,"showMaterialUpdate":false,"showSkybox":true,"showFlares":true,"showImageEffects":true,"showParticleSystems":true},"in2DMode":false,"pivot":{"x":28.518604278564454,"y":-5.698358535766602,"z":15.937746047973633},"rotation":{"x":-0.22615841031074525,"y":-0.5124298334121704,"z":0.14198356866836549,"w":-0.8161687254905701},"size":35.561153411865237,"orthographic":false}