{"cameraMode":{"drawMode":0,"name":"Shaded","section":"Shading Mode"},"sceneLighting":false,"audioPlay":false,"sceneViewState":{"showFog":true,"showMaterialUpdate":false,"showSkybox":true,"showFlares":true,"showImageEffects":true,"showParticleSystems":true},"in2DMode":false,"pivot":{"x":16.494123458862306,"y":-0.20328903198242188,"z":10.557668685913086},"rotation":{"x":0.41533488035202029,"y":-0.40934520959854128,"z":0.21718938648700715,"w":0.7827972173690796},"size":11.057991027832032,"orthographic":false}