{"cameraMode":{"drawMode":0,"name":"Shaded","section":"Shading Mode"},"sceneLighting":false,"audioPlay":false,"sceneViewState":{"showFog":true,"showMaterialUpdate":false,"showSkybox":true,"showFlares":true,"showImageEffects":true,"showParticleSystems":true},"in2DMode":false,"pivot":{"x":9.900845527648926,"y":-2.9279823303222658,"z":42.44447708129883},"rotation":{"x":0.2549310624599457,"y":-0.5413256883621216,"z":0.176584392786026,"w":0.7815513610839844},"size":13.187946319580079,"orthographic":false}