{"cameraMode":{"drawMode":0,"name":"Shaded","section":"Shading Mode"},"sceneLighting":false,"audioPlay":false,"sceneViewState":{"showFog":true,"showMaterialUpdate":false,"showSkybox":true,"showFlares":true,"showImageEffects":true,"showParticleSystems":true},"in2DMode":false,"pivot":{"x":7.044155597686768,"y":0.5751761198043823,"z":10.142542839050293},"rotation":{"x":-0.015512564219534397,"y":0.9827566742897034,"z":-0.15639086067676545,"w":-0.09755285084247589},"size":2.489182233810425,"orthographic":false}