{"cameraMode":{"drawMode":0,"name":"Shaded","section":"Shading Mode"},"sceneLighting":false,"audioPlay":false,"sceneViewState":{"showFog":true,"showMaterialUpdate":false,"showSkybox":true,"showFlares":true,"showImageEffects":true,"showParticleSystems":true},"in2DMode":false,"pivot":{"x":15.006199836730957,"y":-2.297177791595459,"z":14.945837020874024},"rotation":{"x":0.2919689118862152,"y":0.28344768285751345,"z":-0.0910530760884285,"w":0.9089367389678955},"size":15.510696411132813,"orthographic":false}