{"cameraMode":{"drawMode":0,"name":"Shaded","section":"Shading Mode"},"sceneLighting":false,"audioPlay":false,"sceneViewState":{"showFog":true,"showMaterialUpdate":false,"showSkybox":true,"showFlares":true,"showImageEffects":true,"showParticleSystems":true},"in2DMode":false,"pivot":{"x":21.231769561767579,"y":-20.58001708984375,"z":16.252033233642579},"rotation":{"x":-0.5566574931144714,"y":-0.15023085474967957,"z":0.10317742079496384,"w":-0.8105121850967407},"size":36.33377456665039,"orthographic":false}