{"cameraMode":{"drawMode":0,"name":"Shaded","section":"Shading Mode"},"sceneLighting":false,"audioPlay":false,"sceneViewState":{"showFog":true,"showMaterialUpdate":false,"showSkybox":true,"showFlares":true,"showImageEffects":true,"showParticleSystems":true},"in2DMode":false,"pivot":{"x":21.2674560546875,"y":-25.589481353759767,"z":204.20425415039063},"rotation":{"x":-0.32694584131240847,"y":0.401999831199646,"z":-0.15629053115844727,"w":-0.8409124612808228},"size":89.05022430419922,"orthographic":false}