{"cameraMode":{"drawMode":0,"name":"Shaded","section":"Shading Mode"},"sceneLighting":false,"audioPlay":false,"sceneViewState":{"showFog":true,"showMaterialUpdate":false,"showSkybox":true,"showFlares":true,"showImageEffects":true,"showParticleSystems":true},"in2DMode":false,"pivot":{"x":10.172224044799805,"y":5.903861999511719,"z":9.534736633300782},"rotation":{"x":0.41533488035202029,"y":-0.40934520959854128,"z":0.21718938648700715,"w":0.7827972173690796},"size":40.63596725463867,"orthographic":false}