{"cameraMode":{"drawMode":0,"name":"Shaded","section":"Shading Mode"},"sceneLighting":false,"audioPlay":false,"sceneViewState":{"showFog":true,"showMaterialUpdate":false,"showSkybox":true,"showFlares":true,"showImageEffects":true,"showParticleSystems":true},"in2DMode":false,"pivot":{"x":4.37838888168335,"y":5.903861999511719,"z":23.750404357910158},"rotation":{"x":0.3489631116390228,"y":0.3467566967010498,"z":-0.1408521980047226,"w":0.8591740727424622},"size":43.4942741394043,"orthographic":false}