{"cameraMode":{"drawMode":0,"name":"Shaded","section":"Shading Mode"},"sceneLighting":false,"audioPlay":false,"sceneViewState":{"showFog":true,"showMaterialUpdate":false,"showSkybox":true,"showFlares":true,"showImageEffects":true,"showParticleSystems":true},"in2DMode":false,"pivot":{"x":23.18083953857422,"y":0.38999998569488528,"z":11.49572467803955},"rotation":{"x":0.2648952007293701,"y":0.15679213404655457,"z":-0.043699998408555987,"w":0.9504427313804627},"size":1.8789714574813843,"orthographic":false}