{"cameraMode":{"drawMode":0,"name":"Shaded","section":"Shading Mode"},"sceneLighting":false,"audioPlay":false,"sceneViewState":{"showFog":true,"showMaterialUpdate":false,"showSkybox":true,"showFlares":true,"showImageEffects":true,"showParticleSystems":true},"in2DMode":false,"pivot":{"x":10.869403839111329,"y":5.903861999511719,"z":38.62485885620117},"rotation":{"x":0.3194394111633301,"y":-0.36600732803344729,"z":0.13540028035640717,"w":0.8635408282279968},"size":40.010372161865237,"orthographic":false}