{"cameraMode":{"drawMode":0,"name":"Shaded","section":"Shading Mode"},"sceneLighting":false,"audioPlay":false,"sceneViewState":{"showFog":true,"showMaterialUpdate":false,"showSkybox":true,"showFlares":true,"showImageEffects":true,"showParticleSystems":true},"in2DMode":false,"pivot":{"x":23.386615753173829,"y":6.493862152099609,"z":42.95454406738281},"rotation":{"x":0.23429735004901887,"y":-0.1336633563041687,"z":0.032540708780288699,"w":0.962384045124054},"size":41.03075408935547,"orthographic":false}