{"cameraMode":{"drawMode":0,"name":"Shaded","section":"Shading Mode"},"sceneLighting":false,"audioPlay":false,"sceneViewState":{"showFog":true,"showMaterialUpdate":false,"showSkybox":true,"showFlares":true,"showImageEffects":true,"showParticleSystems":true},"in2DMode":false,"pivot":{"x":31.881681442260743,"y":-1.7539188861846924,"z":43.56038284301758},"rotation":{"x":-0.35305044054985049,"y":0.23792621493339539,"z":-0.09332192689180374,"w":-0.9000532627105713},"size":4.0260114669799809,"orthographic":false}