{"cameraMode":{"drawMode":0,"name":"Shaded","section":"Shading Mode"},"sceneLighting":false,"audioPlay":false,"sceneViewState":{"showFog":true,"showMaterialUpdate":false,"showSkybox":true,"showFlares":true,"showImageEffects":true,"showParticleSystems":true},"in2DMode":false,"pivot":{"x":69.40493774414063,"y":-59.153892517089847,"z":65.448486328125},"rotation":{"x":0.3489631116390228,"y":0.3467566967010498,"z":-0.1408521980047226,"w":0.8591740727424622},"size":106.13404083251953,"orthographic":false}