{"cameraMode":{"drawMode":0,"name":"Shaded","section":"Shading Mode"},"sceneLighting":false,"audioPlay":false,"sceneViewState":{"showFog":true,"showMaterialUpdate":false,"showSkybox":true,"showFlares":true,"showImageEffects":true,"showParticleSystems":true},"in2DMode":false,"pivot":{"x":15.826948165893555,"y":2.016974449157715,"z":10.64610767364502},"rotation":{"x":0.2549310624599457,"y":-0.5413256883621216,"z":0.176584392786026,"w":0.7815513610839844},"size":2.1224591732025148,"orthographic":false}