{"cameraMode":{"drawMode":0,"name":"Shaded","section":"Shading Mode"},"sceneLighting":false,"audioPlay":false,"sceneViewState":{"showFog":true,"showMaterialUpdate":false,"showSkybox":true,"showFlares":true,"showImageEffects":true,"showParticleSystems":true},"in2DMode":false,"pivot":{"x":47.78209686279297,"y":5.339853286743164,"z":23.877286911010743},"rotation":{"x":-0.009167371317744255,"y":0.9077872037887573,"z":-0.41887038946151736,"w":-0.019869200885295869},"size":13.008588790893555,"orthographic":false}