{"cameraMode":{"drawMode":0,"name":"Shaded","section":"Shading Mode"},"sceneLighting":false,"audioPlay":false,"sceneViewState":{"showFog":true,"showMaterialUpdate":false,"showSkybox":true,"showFlares":true,"showImageEffects":true,"showParticleSystems":true},"in2DMode":false,"pivot":{"x":41.15052032470703,"y":-53.60455322265625,"z":29.425289154052736},"rotation":{"x":-0.10563186556100846,"y":-0.879497230052948,"z":0.40262576937675478,"w":-0.23077024519443513},"size":79.70272827148438,"orthographic":false}