{"cameraMode":{"drawMode":0,"name":"Shaded","section":"Shading Mode"},"sceneLighting":false,"audioPlay":false,"sceneViewState":{"showFog":true,"showMaterialUpdate":false,"showSkybox":true,"showFlares":true,"showImageEffects":true,"showParticleSystems":true},"in2DMode":false,"pivot":{"x":17.548959732055665,"y":-3.6688690185546877,"z":16.418060302734376},"rotation":{"x":-0.32694584131240847,"y":0.401999831199646,"z":-0.15629053115844727,"w":-0.8409124612808228},"size":33.25899124145508,"orthographic":false}